concern,tags,text,title,url
"煤气柜运行控制与操作标准,煤气柜联锁失灵事故预案,煤气柜柜区停电事故的处理预案,煤气柜活塞上部煤气泄漏引发着火时的应急操作及响应,煤气柜活塞煤气泄漏发生爆炸时的应急操作与响应","冒顶事故,煤气柜",无, 煤气柜冒顶事故的预防措施及处理操作标准,
"低压配电箱风险告知牌,船坞低压配电箱风险告知牌,平板运输车风险告知牌,滚板机风险告知牌,带锯床风险告知牌","气瓶,乙炔,风险告知牌",无, 乙炔气瓶组风险告知牌,
"煤气安全管理考核细则,施工组织设计煤气管线方案,煤气工段安全生产会议制度,煤气防护站职责范围,煤气柜运行控制与操作标准","安全管理,煤气","1.目的：,为了规范煤气生产、回收、储存、输送、使用，加强对煤气设备维护、检修的有效控制和管理，杜绝煤气中毒、火灾、爆炸事故发生及煤气泄漏引发的环境污染，特制定本程序。,2.适用范围：,适用于公司所有煤气控制管理活动。,3.定义：,3.1煤气：是一种由不同成份组成的可燃性混合气体，通常由CO、H2、CH4、CnHm（不饱和碳氢化合物）、H2S、CO2、SO2、N2、H2O等组成。钢铁企业常见的煤气主要有高炉煤气、焦炉煤气、转炉煤气、发生炉煤气、铁合金炉煤气等（我公司目前有高炉煤气、转炉煤气）。,3.2煤气从业人员:专指从事煤气生产、回收、输送、使用过程中的操作人员、检修人员和管理人员。,3.3可靠隔断装置：系指安装了此类装置隔断煤气后，装置前的煤气不会漏向装置后,这类装置有眼镜阀、盲板、叶形插板阀、一道开闭器加一道水封等。,3.4煤气系统：分为生产回收系统、输送储配系统、使用系统。,3.5煤气危险区域：在生产作业过程中正常或不正常状态下出现的CO浓度超标，可能引发煤气三大事故的工作场所。,4.职责：,4.1动力能源中心,4.1.1负责公司煤气的回收、储存、输送、高炉煤气集中放散及高炉、转炉煤气柜、煤气主管网等设备设施的运行管理工作。,4.1.2负责建立公司煤气安全相关管理制度,积极开展煤气安全知识培训，制定公司级应急预案，审核各煤气生产、使用单位的煤气事故应急预案。,4.1.3负责组织公司煤气专业安全检查、监测及防护救援工作。,4.1.4参与各类煤气事故的调查处理。,4.1.5负责煤气一类动火作业技术方案的审核和监督落实。,4.1.6负责煤气停、送气指令的下达及煤气系统的平衡调度。,4.1.7负责煤气系统的安全管理并提出考核意见。,4.2安全环保部,4.2.1负责监督涉及煤气设备设施重大危险作业的审核。,4.2.2负责煤气一类动火作业安全措施的审核。,4.2.3负责审核公司煤气事故应急预案。,4.2.4负责组织煤气事故的调查处理工作。,4.2.5参与煤气设备、设施检查、消缺及竣工验收工作。,4.3生产技术部,4.3.1 负责全公司煤气系统的生产、回收储存、输送管理协调工作。,4.3.2负责煤气一类动火作业的审批。,4.3.3负责公司煤气系统重大信息的处置。,4.3.4负责公司煤气质量管理考核。,4.3.5负责审批并落实煤气系统的安全管理考核。,4.3.6参与煤气事故的调查处理工作。,4.3.7组织新投产煤气设备设施检查、消缺及竣工验收工作。,4.4设备管理部,4.4.1负责一类动火作业涉及设备设施的部位及维（检）修、改造方案的审核和监督；煤气设备设施的管理工作。,4.4.2负责煤气设备设施责任范围的划分工作。,4.4.3负责煤气系统仪表、自动化、检测及其他设备设施的定期校验工作。,4.4.4参与煤气事故的调查处理工作。,4.4.5参与新投产煤气设备设施检查、消缺及竣工验收工作。,4.5检修中心,4.5.1负责煤气系统仪表、自动化及设备设施的点检、维护、保养、维修工作。,4.5.2参与新投产煤气设备设施检查、消缺及竣工验收工作。,4.6计量检验中心：负责煤气的取样、化验工作。,4.7保卫部：,4.7.1负责煤气一类动火作业消防措施的审核和监督。,4.7.2负责有关煤气消防设施、器材的监督检查工作。,4.7.3参与煤气事故的调查处理工作。,4.8人力资源部：负责组织公司煤气从业人员的培训、取证和证件复审工作。,4.9工程管理部,4.9.1负责煤气设备设施的施工管理，并及时归整有关技术资料。,4.9.2参与新投产煤气设备设施检查及竣工验收并组织消缺。,4.10煤气生产、使用单位,4.10.1负责本单位的煤气安全管理;,4.10.2根据《工业企业煤气安全规程》、《关于进一步加强冶金企业煤气安全技术管理有关规定》（安监总管四〔2010〕125号）制定和完善各自的煤气安全生产责任制；,4.10.3制定和完善本单位煤气工艺技术操作规程、安全操作规程、煤气设备设施的维护保养规程、煤气事故应急预案等，并根据科学技术的发展，适时修订；,4.10.4明确煤气管理人员并成立煤气防护小组；,4.10.5积极开展煤气安全知识的宣传、教育和应急演练；,4.10.6绘制“煤气工艺流程图”。,4.10.7对各种主要的煤气设施、各类切断装置，放散装置、水封、排水器、支架等附属设施编号 ；,4.10.8建立煤气设备设施技术档案，加强日常点检和维护；做好煤气安全监测与防护工作。,5.管理程序,5.1煤气安全管理控制流程,5.2煤气管理要求,各煤气生产、回收、储存、输送、使用单位必须根据《工业企业煤气安全规程》、《关于进一步加强冶金企业煤气安全技术管理有关规定》（安监总管四〔2010〕125号）建立健全完善的煤气安全管理制度、作业规程、事故处理应急预案等。,5.3煤气设备、设施设计及施工安全管理,5.3.1“新建、改建、扩建”的煤气设施、设备及其附件，设计必须从本质安全出发，做到安全可靠，对笨重体力劳动及危险作业，必须采用机械化、自动化措施，采用先进技术、工艺，以提高安全可靠运行程度，严格执行《工业企业煤气安全规程》、《关于进一步加强冶金企业煤气安全技术管理有关规定》（安监总管四〔2010〕125号）。,5.3.2在煤气区域或设施附近的项目，必须经过煤气主管部门批准后方可开工，应严格按照国家规范设计施工，并制定相应的安全防范措施。,5.3.3煤气设施、设备施工要保证质量，严格按照设计规范和要求进行施工。,5.3.4施工必须按设计进行，修改设计应由设计单位出具正式的设计更改通知。,5.3.5煤气工程的隐蔽部分，工程管理部应组织煤气使用单位、设计单位、施工单位、生产技术部、安全环保部和动力能源中心共同检查验收，签字认可合格后方能封闭。,5.3.6煤气工程施工完毕，工程管理部应督促施工单位编制竣工说明书及竣工图，经竣工验收合格后，交付使用单位存档。,5.3.7煤气“新建、改建、扩建”项目和技术改造项目的竣工验收，必须经由生产技术部组织设计部门、工程管理部、设备管理部、安全环保部、保卫部、动力能源中心、使用单位等部门组成的验收小组严格按照《工业企业煤气安全规程》、《建设项目安全设施、职业病防护设施“三同时”管理办法》、《建设项目安全、环境保护管理程序》、《关于进一步加强冶金企业煤气安全技术管理有关规定》（安监总管四〔2010〕125号）检查验收，符合安全要求，并有相应的安全规程，验收签字后，才能投入运行。,5.4煤气日常安全管理,5.4.1煤气指挥调度系统，应有完善的指挥程序、明确的职责范围，以保证煤气合理调度，煤气系统稳定运行。,5.4.2煤气系统必须有可靠的切断、吹扫装置。,5.4.3各单位按煤气管网管辖范围划分，负责各自区域管网停产期间的保压、吹扫工作。,5.4.4各单位吹扫煤气管道时，必须用软管连接，吹扫结束，立即断开。,5.4.5各煤气单位必须严格按照作业制度操作，确保系统压力稳定、运行安全。,5.4.6动力能源中心根据用户的需求，对各煤气用户的带煤气作业进行监护和许可。,5.4.7煤气区域作业必须先进行检测，检测合格并有专人监护方可进行。,5.4.8室内作业应确保通风良好，保证操作与生产环境中CO含量不得超过50ppm。,5.4.9各煤气用户的燃烧装置采用强制送风的燃烧嘴时，煤气支管上应设逆止装置或自动隔断装置，煤气设备易发生爆炸的部位必须安装泄爆装置，且相辅的空气管线也必须增设泄爆装置。,5.4.10各煤气燃烧炉，必须严格执行吹扫、置换确认，先点火后开煤气的操作程序。,5.4.11各煤气燃烧炉必须有高低压报警装置，低于安全极限时，应立即停炉，防止回火爆炸事故。,5.4.12制定煤气系统巡检制度，加强巡检维护，确保所有泄爆阀（膜）、监测监控仪表、水封等安全设施及附件安全、灵敏可靠。,5.4.13凡有可能造成煤气集聚发生煤气事故的危险场所，要设置警示标识，在关键部位，必须设置一氧化碳监测报警装置。,5.4.14用户如发生煤气系统各类事故或异常状态时，必须立即将信息反馈动力能源中心调度室和煤气防护站。,5.4.15便携式、固定式CO报警仪及氧气、空气呼吸器等防护设备，要定期校验，做好记录，建档备案。,5.4.16增设煤气管网等煤气设施防撞、挂装置，加强机动车辆管理，严防机动车辆撞、挂煤气管网等煤气设施。,5.4.17严禁煤气用户乱改煤气管路等煤气设施，确实需要改动必须进行设计变更。,5.4.18煤气区域、煤气设备、设施动火按照《安全生产动火管理制度》执行。,5.4.19煤气安全检查与整改,a.实行班组（岗位）日查、作业区（车间）周查、二级单位月查、煤气防护站每月对公司所有煤气设备设施运行状况以及煤气安全管理状况进行综合检查，查出的问题下发<隐患整改通知单>，并督促整改与考核；对煤气危险区域进行日常检测抽查，发现CO浓度超标时，查找原因并督促整改；各级的检查情况应有详细记录。,b.检查内容：煤气设备设施及其附属设备设施的运行情况、煤气设备设施定期检验及其测量情况、各级煤气管理制度的落实情况、煤气隐患整改反馈情况、煤气应急措施或预案演练情况。,c.安全检查中发现的煤气事故隐患实行分级管理，由牵头单位下发隐患通知书督促落实整改。所在单位应本着“三定”、“四不推”的原则，及时整改消除。如在短时间内整改有困难的，必须采取有效安全防范措施。,5.4.20 气体调度根据以下原则落实煤气调度职责。,a.高炉煤气：优先保证铁前系统高炉煤气用户使用，再保证其他用户使用。,b. 生产技术部可根据生产实际情况进行调整停、送气次序，由气调执行。,5.4.21动力能源中心按照本单位煤气岗位操作规程严格控制管网压力等工艺参数，同时确保富余煤气点火放散。,5.4.22炼铁厂必须加强高炉煤气生产、净化和使用的管理工作，不得随意放散煤气。,5.4.23炼钢厂做好转炉煤气的回收与净化工作，放散时必须保证点火放散。,5.4.24计量检验中心负责对高炉煤气、转炉煤气质量进行分析、检测，每天将分析结果通过电话或网络报送气体调度、煤气防护站，超标时将结果另报生产技术部，由生产技术部督促炼铁厂、炼钢厂采取纠正措施。,5.4.25新增煤气用户，按《新增或改造能源用户管理程序》办理相关手续，填写好〈煤气停、送申请确认单〉。,5.5停、送、带煤气危险作业管理,实施单位制定完备、切实可行的作业方案及严密的安全措施。,5.5.1用户日常需停、送煤气由本单位调度与动力能源中心调度室联系，并指派作业现场负责人及相关岗位人员配合动力能源中心停、送气作业人员进行阀门开关操作。,5.5.2新增煤气用户办理的“煤气停、送申请确认单”是动力能源中心与新增用户首次在煤气停、送时，要开启或关闭用户前端阀（眼睛阀、加装盲板）的确认凭证。用户使用煤气必须提前8小时将“煤气停、送申请确认单”送至动力能源中心调度室（特殊情况除外）。,5.5.3进入煤气设施内工作时，应检测一氧化碳及氧气含量。经检测合格后，允许进入煤气设施内工作时，应携带一氧化碳及氧气监测设备，并采取防护措施，设专职监护人。一氧化碳含量不超过30mg/m3（24ppm）时，可较长时间工作；一氧化碳含量不超过50mg/m3时，入内连续工作时间不应超过1h；不超过100mg/m3时，入内连续工作时间不应超过0.5h；在不超过200mg/m3时，入内连续工作时间不应超过15min～20min。工作人员每次进入设施内部工作的时间间隔至少在2h以上。,5.5.4带煤气作业一般安全要求,a.煤气压力要求：高炉煤气带气作业压力≤4500Pa；混合煤气带气作业压力≤4000Pa(上述压力为松动眼镜阀、法兰螺栓泄压时的瞬间压力)。,受工艺限制，超过上述压力要求范围的带煤气作业，优先在同步检修煤气系统停运时进行，否则应将煤气压力降至工艺允许的下限，按煤气专业人员制定的作业安全方案进行作业。,b.带煤气作业不应在雷雨天进行、不宜在夜间进行。,c.作业时，应有煤气防护站人员在场监护，操作人员应备有空气(氧气)呼吸器或通风式防毒面具。,d.工作场所应备有必要的联系信号、煤气压力表及风向标志等。,e.距作业场点40米内，禁止有火源并应采取防止着火的措施，与工作无关人员要离开作业点40米以外，作业区应设置警戒带。,f.作业区域所用光源均为防爆冷光源，电压等级为安全电压。,g.所有直接参与带煤气作业人员应穿防静电服，内衣裤袜均为棉布，严禁穿化纤布料服装，严禁穿带钉鞋。,h.所有未佩戴呼吸器的作业人员应站在煤气区域上风口。,i.带煤气作业所用工具必须为铜质工具，特殊情况下，可用涂抹黄油的铁质工具。,j.所需设备、物料、监护、消防、急救等安全设备、设施到位后方可实施作业。,5.5.5带煤气翻转眼镜阀的具体安全要求,a.在中压煤气管道翻转眼镜阀前，应检查前端煤气蝶阀（或闸阀）的完好性。在作业前，应在周围40米内设置安全警戒带。,b.在翻转眼镜阀前，应关闭前端煤气蝶阀（或闸阀），并开启眼镜阀与蝶阀（或闸阀）之间的放散阀，通过取样管确认蝶阀（或闸阀）是否关严，如没有放散装置进行确认，应至少关闭前端两道蝶阀或闸阀。,5.5.6带煤气抽堵盲板的具体安全要求,a.未经安全管理部门同意,严禁在室内进行带煤气抽盲板作业。,b.室外抽堵盲板,应提前搭建好脚手架、架设吊盲板用的起重桅杆或提前联系好吊车。,c.抽堵盲板作业前，对卸不动的螺栓可在正压情况下动火割掉，换上新螺栓并拧紧，但禁止同时割掉两个以上螺栓。在煤气管道上焊接撑铁、割螺栓应办理动火许可证。,d.抽堵盲板作业区内严禁行人通过，40米以内禁止存在火源及高温热源，如作业区域附近有裸露高温管道，则应在作业前将该管道作绝热处理。对拉运红钢车辆严禁通行，在出铁口、拉铁水罐车周围40米以内，带煤气抽堵盲板应制定专项防护措施，经安全部门审查通过后执行。,e.一般情况下，应在确认前端眼镜阀或蝶阀关闭后，再进行抽堵盲板作业。,f.在煤气管道有预留取样管、压力管接头时，应在有煤气的一侧管端安装压力表，如有蒸汽吹扫接头，应接蒸汽吹扫软管，以备急用，不用时必须断开。,g.抽堵盲板作业时，法兰上所有螺栓应全部更新并保证灵活可靠。,h.煤气燃烧炉前煤气管道带残余煤气抽堵盲板时，应将管道内通入氮气（或蒸汽）以保持正压，防止回火、爆炸。,i.管道支架、阀门法兰应有良好的接地线。,j.抽、堵盲板作业中，盲板应涂黄油，一切吊具铁质相互接触处均应涂黄油，防止磨擦产生火花。,5.6煤气安全教育管理,5.6.1煤气安全教育的内容包括：煤气安全法规和标准的教育；煤气安全规章制度、操作规程教育；煤气防护、救护知识教育；典型经验和煤气事故案例教育；煤气事故应急预案及演练等。,5.6.2公司内煤气从业人员上岗前都必须按照《特种作业人员管理办法》进行煤气专业知识培训，并取得煤气作业资格证，方可上岗。,5.6.3凡在煤气区域进行施工的人员都必须经煤气区域管辖单位安全教育，经同意方可进入煤气区域，并遵守煤气安全的有关规定。,5.6.4 煤气防护站每年应至少组织一次公司煤气事故应急救援预案演练；并定期对各单位煤气安全宣传教育情况进行监督检查。,5.7煤气事故的处理,5.7.1发生煤气中毒、火灾、爆炸及泄漏事故，应立即报告煤气防护站、安全环保部和生产技术部。如发生煤气着火事故，同时应立即报火警电话；如发生煤气中毒事故，同时应立即通知医院前来现场急救。,5.7.2煤气中毒、着火、爆炸及泄漏事故的报告和救援，具体执行公司《煤气事故应急预案》。,5.7.3煤气防护站参与各类煤气事故的调查处理，对事故防范措施落实情况进行跟踪验证；并及时进行事故通报，采取措施，加强煤气安全管理。,5.8煤气安全考核纳入公司安全考核执行相应奖惩。,6.引用文件,《工业企业煤气安全规程》,《关于进一步加强冶金企业煤气安全技术管理有关规定》（安监总管四〔2010〕125号）,安全生产动火制度,煤气事故应急预案,危险作业申请审批制度,新增或改造能源用户管理程序,特种作业人员管理办法,3.附件,煤气安全控制管理流程,8.相关记录,煤气停送申请、确认单", 煤气控制程序,
"乙炔气瓶组风险告知牌,低压配电箱风险告知牌,船坞低压配电箱风险告知牌,平板运输车风险告知牌,滚板机风险告知牌","气瓶,氧气,风险告知牌",无, 氧气气瓶组风险告知牌,
"煤气设施安全检查维护要求,煤气安全责任制,煤气回火事故的预防,煤气防护器具管理规定,煤气爆炸事故的处理","煤气,设施,安全检修","（1）不带煤气作业,①必须可靠切断煤气来源，严禁以阀门或水封代替盲板。,②施工前用N2吹扫合格，施工过程中不敢关闭放散阀，用氮气进行吹扫时，要检查煤气设施内部的CO浓度。吹扫结束后必须拆下吹扫管。,③进入煤气设施内部施工，不准穿钉鞋，在满足安全要求的同时要检测内部氧气的含量，氧气含量>18 %时方可进入。,④施工过程中现场必须配备煤气检测报警器和氧气测试仪、灭火器材，且安排专人监护，出现问题迅速抢救并报告。当工作现场煤气浓度突然急骤升高或煤气浓度超过300PPM 或氧气浓度<18 %时，施工人员要撤出工作现场。,（2）带煤气作业,①煤气压力≥2kpa，并保持正压稳定，高压管线上加压必须保持正常运转，并做含氧量分析（≤1%）,②动火处附近设临时压力表或利用就近值班室压力表观察压力变化情况，设专人看守，当压力低于规定极限时，应立即通知停止作业。,③准备好灭火降温器具、如灭火器、消防栓、黄泥、湿草袋、蒸汽、氮气等。如果压力低突降，要立即停止动火。,④不准穿钉鞋，禁带火种，所用工具必须安全可靠，谨慎操作，严禁产生火花。,⑤作业现场周围40m内禁火，设立安全警戒线，禁止无关人员进入危险区域。,⑥带煤气作业时，辅助人员应撤至安全区域。,⑦施工人员严禁在煤气区域睡觉。,⑧施工人员所在单位负责煤气设施施工现场监督管理。", 煤气设施安全检修要求,
"高炉冶炼技术操作规程,高炉值班工长的岗位职责,高炉工长岗位操作规程,高炉事故应急预案,某钢厂高炉系统施工组织设计","安全管理,高炉","1出铁口难开,1.1原因：炮泥耐压、抗折强度过大，铁口泥蕊有凝铁，开口机钻头老化。,1.2措施：加强炮泥质量，出净渣铁适当喷吹，钻头老化及时更新，打不开铁口时，及时烧铁口。,2铁口连续过浅,2.1原因：渣铁出不净；炉缸内储存大量渣铁；开口操作不当；孔道过大；焖炮操作；潮湿铁口出铁；炮泥质量差。,2.2措施：出净渣铁，正确使用开口机，减小孔径，改善炮泥质量，适当增加泥量，必要时堵铁口上方1-2个风口。,3铁水流出后凝结,3.1原因：炉温低，铁口深开口孔小，没有完全捅开铁口，捅铁口时粘杆后将铁口凝结。,3.2措施：提高炉温，铁口控制泥量，开口孔径适宜，有少量流铁及时捅开，铁凝结后及时烧穿。,4出铁口放炮,4.1原因：铁口堵泥没有烤干，潮湿，冷却设备漏水。,4.2措施：烤干后出铁，使用无水炮泥，加强设备检查，发现漏水及时堵口，休风后更换冷却设备。,铁炮大流,1原因：上次未出净，本次晚点渣量多，铁口深度过浅；钻漏铁口孔径大，潮湿，铁口出铁；炉况不顺铁前憋压或悬料，炮泥质量差与泥包脱落；冶炼强度高，焦炭质量差。,2措施：铁口浅，开口孔径小些，严禁钻漏；炉前做好各种准备工作出铁，抓好正点率，铁流大适当减风，改善泥质，加强铁口泥包的维护。,6封不住铁口,6.1原因：泥套损坏，烧坏炮头，泥炮故障，打泥不顺利，堵口时铁口前凝渣顶炮。,6.2措施：开口钻头对准铁口中心，捅铁口时防止捅坏泥套；堵口时清理干净铁口旁渣铁，保持铁口泥套完好，铁中发现铁口泥套坏及时采取上炮或减风堵口。,7退炮时渣铁跟出,7.1原因：铁口过浅，渣铁连续未出净；退炮时间早，炮泥结焦性能差。,7.2措施：退炮不宜过早，当铁口浅而渣铁连续未出净时，更要延长退炮时间。,8铁口自行漏铁,8.1原因：铁口过浅渣铁连续未出净，炮泥质量差；炉内风压高，炉缸工作活跃，上次铁未出净即堵口。,8.2措施：在渣铁未出净，铁口浅情况下延长退炮时间；如渣铁出不净可减风控制，提高泥质，保持泥套完好。", 高炉出铁事故原因及处理措施,
"氧气气瓶组风险告知牌,乙炔气瓶组风险告知牌,低压配电箱风险告知牌,船坞低压配电箱风险告知牌,平板运输车风险告知牌","气瓶,二氧化碳,风险告知牌",无, 二氧化碳气瓶组风险告知牌,
"煤气防护器材管理制度,煤气控制程序,煤气安全管理考核细则,施工组织设计煤气管线方案,煤气工段安全生产会议制度","煤气,事故处理","（1）发生煤气事故时，抢救抢修工作要统一指挥、危险区域外要设岗步哨，非抢救人员不得进入危险区域，严禁盲目冒险作业，防止因抢救处理不当，导致事故扩大。,（2）进入危险区域的人员必须佩戴空气或吸器，严禁凭一时热情或冲动，用口罩或其它物品代替防毒器具，进入危险区域进行抢救、抢修，以防事故扩大。,（3）在抢救煤气中毒人员时，首先要确定中毒轻重，以采取相应措施和正确的处理方法来组织抢救工作。,（4）发生煤气大量泄漏引起着火事故时，要采取渐关阀门降压且通入蒸气或氮气灭火。,（5）发生煤气爆炸事故时，要立即通知煤气供应单位按有关规定停止供气，煤气使用单位停止用煤气，并迅速用蒸气或氮气把煤气处理干净；在出事地点40m外设立警戒线，区内禁止火源，禁止通行，以防引发着火。人员中毒事故。,（6）事故报告通信电话：,生产安全处     生产处调度室       煤气站,职工医院       保卫处             分厂厂部", 煤气事故处理注意事项,
"煤气控制程序,煤气安全管理考核细则,施工组织设计煤气管线方案,煤气工段安全生产会议制度,煤气防护站站长职责","煤气,管理制度,防护器材","1.目的,为进一步加强对煤气防护器材的管理，确保防护器材安全、有效地使用，保证职工在特殊作业环境中的安全和健康，特制定本制度。,2.适用范围,适用于公司范围内各单位煤气防护救护器材的管理工作。,3.定义,煤气防护器材主要有：固定式一氧化碳检测仪、便携式一氧化碳、氧气检测仪、可燃气体检测仪、空气呼吸器、苏生器、对讲机、担架、呼吸器气瓶充装设备、应急照明灯等。,4.职责,4.1供应部,负责煤气防护、救护器材的采购。,4.2设备管理部,负责煤气防护、救护器材测量设备的定期校检及固定资产的管理。,4.3安全环保部,负责煤气防护、救护器材的审批及管理情况的监督检查。,4.4检修中心,负责防护器材的维修。,4.5各使用单位,负责各自煤气防护、救护器材的日常维护、管理和申报工作。,4.6煤气防护站,4.6.1负责公司空气呼吸器气瓶的充装。,4.6.2负责对各使用单位煤气防护器材进行检查、监督管理。,4.6.3负责防护、救护器材使用的培训工作。,4.6.4负责煤气事故状态下各单位煤气防护器材的紧急调用。,5.管理内容,5.1器材需求计划申报,各单位按照《物资计划管理程序》申报防护器材需求计划。,5.2固定资产申报,各单位按照《固定资产管理制度》对防护器材中属于固定资产的器材进行固定资产申报。,5.3建立管理档案,各煤气防护器材使用单位应当建立煤气防护、救护器材的管理档案并建立管理制度，加强日常管理；应按国家规定定期组织有关部门对煤气防护、救护器材进行校验、检验,并建立台账，详细记录各种煤气防护、救护器材名称、型号、出厂编号、数量、生产厂家、配备岗位等信息。煤气防护站建立全公司防护、救护器材管理档案并及时更新。,5.4存放管理要求,各煤气防护器材使用单位存放的煤气防护用具应做到整洁，整齐，防护员要做到‘三勤两会’：勤检查、勤保养、勤擦拭、会使用、会排除一般故障，不断提高我公司煤气防护人员防护、救护能力。,5.5使用管理规定,5.5.1使用正压式空气呼吸器人员，必须经过防护站专业人员培训，熟知正压式空气呼吸器的结构、原理、性能、维护保养和故障处理方法，并能熟练掌握正确使用方法后方可进行带煤气防护、救护作业。,5.5.2有防护器材的岗位，使用单位必须建立防护器材管理制度和防护器材管理台账并落实维护保养管理责任人和定期检查人，指定专人每月对防护器材进行一次检查，岗位人员要定期对防护器材进行检查，按班交接作好记录。,5.5.3使用单位在使用煤气防护、救护器材时应正确佩戴和使用，在使用空气呼吸器作业时，严禁在煤气作业场所摘下面具，冬季使用空气呼吸器时，要注意防冻，以免呼吸阀冻结，夏季要注意防暴晒，以免气瓶爆裂。,5.5.4凡有高血压、心脏病、肺结核、精神病、癫痫病或深度近视等禁忌患者，煤气操作岗位当班人员应阻止其佩戴空气呼吸器进入煤气区域作业。,5.5.5煤气防护站对各使用单位煤气防护器材的安全性能要进行检查和监督，并负责其操作和使用人员的技术培训。,5.5.6煤气防护人员应经常检查空气呼吸器的严密性，防止在使用时发生煤气中毒；经常检查便携式一氧化碳检测仪、固定式一氧化碳检测仪的精确性、灵敏度，发现问题及时上报，并详细记录。,5.6维护保养规定,5.6.1煤气防护器材使用人员应经常检查空气呼吸器的严密性，防止在使用时发生煤气中毒；经常检查便携式煤气检测仪，固定式煤气检测仪的精准性，灵敏度；空气呼吸器气瓶、苏生器气瓶按照公司《气瓶管理规定》每三年检验一次。固定式一氧化碳检测仪、便携式一氧化碳检测仪及氧气检测仪按周期校验（按规定每年校验一次）或根据实际情况及时校验并保存相关记录，对于失效的检测仪传感器及时进行更换，以免检测仪误差偏大，失去其作用。不得过期使用，特殊情况下可随时送检，比如在煤气设施大检修前、进入受限空间作业等。,5.6.2煤气岗位当班值班人员每班应认真准备足够数量完好的空气呼吸器，苏生器，便携式一氧化碳检测仪。做到气瓶满、便携式煤气检测仪电池电压足，以备突发煤气泄露时使用。,5.6.3保持防护器材的清洁卫生，面罩使用后应用肥皂水清洗干净，切忌使用溶剂擦洗，最后用75%的酒精或0.5%的高锰酸钾溶液消毒，洗后只许晾干，不许火烤、日晒。,5.6.4各种防护器材严禁碰撞、烘烤、重压以及接触各种油类和溶剂。,5.6.5防护器材应放置在便于取放、温度适宜无日光直接照射和不易遭受灰尘、腐蚀污染的地方，要做好防潮，防油污，防酸碱，防鼠害。,5.6.6不准随意移动固定式检测仪安装位置，特殊情况须经煤气防护站批准。,5.6.7严禁在煤气检测检测仪信号线附近拉高压电缆，以免影响设备的正常工作。,5.6.8严禁随意触发报警或损坏探头，在探头安装区域内应做好防水防尘工作。,5.6.9一氧化碳报警设备上的保护、闭锁、监视、报警等提示装置不得随意拆除、挪用、关闭和调节限制，应保持其完整、灵敏和可靠性。,5.7维修报废规定,煤气防护、救护器材出现异常情况时应及时通知设备部协调专业人员进行维修。对于无法修复确需报废的煤气防护、救护器材，按《物资报废管理制度》和《固定资产管理制度》办理报废手续。,5.8.考核,5.8.1未建立本单位防护救护器材相关管理考核细则、台账，规程不健全，未按时详细填写各种台账记录，每项处罚单位500-1000元。,5.8.2未按本制度要求落实维护责任人、检查人，处罚单位500-1000元。,5.8.3煤气防护器材的使用未按要求进行管理，如存放维护保养不到位、未按时充装、校验、出现故障后仍在使用、岗位负责人未及时报告等情况，每项处罚责任人500元-1000元 。,5.8.4应急情况下煤气防护器材不能及时调用、借用、共享处罚单位 500-1000元。,5.8.5随意停用、损坏或解除煤气高低压报警装置，处罚岗位负责人50元-100元，因工艺发生变化未及时调整报警、联锁参数处罚单位200-500元。,6.引用文件,物资计划管理程序,固定资产管理制度,物资报废管理制度,7.附件,煤气防护器材管理流程图,8.相关记录,检测仪台账,空气呼吸器气瓶统计表,正压式(长管）空气呼吸器检查表", 煤气防护器材管理制度,
"安全设施安全管理,消火栓安全管理试行办法,项目部有限空间应急预案演练方案,有限空间应急预案演练,2020年有限空间应急预案演练方案","安全管理,有限空间","为进一步提升全市工贸企业污水处理设施等有限空间作业可视化规范化管理，根据应急管理部近日印发的《有限空间作业安全指导手册》（应急厅函〔2020〕299号印发）、江苏省地方标准《有限空间作业安全操作规范》（DB32/T 3848-2020）以及工业和信息化部、应急管理部联合发文的《“工业互联网+安全生产”行动计划（2021-2023年）》（工信部联信发〔2020〕157号印发）等文件精神，昆山市应急管理局总结归纳并提出了“锁、网、栏、板、牌、柜、表、人”八字要素结合工业互联网+信息化平台，全面推动企业有限空间现场设置规范化、作业审批表单化、过程管控节点化，现制定昆山市工贸企业有限空间作业可视化规范化管理专项提升建设参考标准。,一、八字要素建设标准,1.安全锁。进出污水处理设施入口处需安装安全锁。包括实体锁、人脸识别和车闸等智能门禁系统等。,选用实体锁、智能门禁系统和车闸应确保无死角，未授权人员无法通过弯腰、侧身等方式绕开安全锁进入污水处理设施区域。人员通行的智能门禁系统应选用门闸或旋转闸。,（1）材质：锦纶、维纶、涤纶；,（2）绳结构：网绳、边绳、系绳、筋绳均应由不小于3股单绳编制成。绳头部分应经过编花、燎烫等处理，不应散开；,（3）质量：单张网不应超过15kg；,（4）尺寸：平面网宽度/跨度不小于3m；,（5）网绳拉力：大于3000N；,（6）形状：菱形或者方形，每个网目边长不大于8cm；,（7）位置：安装在开口的污水池池体边缘正上方，且可靠固定；,（8）阻燃性能：续燃、阴燃时间均不大于4s；,（9）定期修护、检查及更换。,3.防护栏。有限空间的坑、井、洼、沟或人孔、通道出入门口应设置防护栏、盖和警告标志，夜间应设警示红灯。防护栏颜色统一刷成红白相间，防护栏高度、踢脚板等应符合《固定式钢梯及平台安全要求 第3部分：工业防护栏杆及钢平台》（GB 4053.3-2009）。,（1）高度：防护栏杆高度应不低于1050mm；当距坠落基准面大于20m时，防护栏杆高度应不低于1200mm。,（2）踢脚板：踢脚板顶部在平台地面之上高度应不小于100mm, 其底部距地面应不大于10mm。踢脚板宜采用不小于100mm×2mm的钢板制造。,（3）颜色：防护栏颜色统一刷红白相间。,（1）危险作业看板建议尺寸：L*H=850mm*650mm，主要可分为8个区域。,（2）危险作业看板内容：危险作业安全可视化看板共分8个部分,分别用于张贴危险作业安全警告标志卡、作业审批表、个人防护用品指令标志卡、人员资质、作业方案、应急预案及应急装备点检清单、培训情况、监护人等相关人员信息相关内容。,（3）危险作业看板位置：设置在危险作业现场醒目位置。,（4）危险作业看板设计：具体见下图。,②     文字固定印于看板；框内需要放置/黏贴警告标志卡，且警告标志卡需要严格按照国标要求制作/购买，即黑色正三角形的几何图形、黑色符号和黄色背景；,③     文字固定印于看板，框内的作业审批表使用本指引的格式，且相关人员需要审批签字才算有效；,④     文字固定印于看板，框内需要放置/粘贴个人防护用品指令标志卡，且指令标志卡需要严格按照国标要求制作/购买，即圆形几何图形、白色图形符号和蓝色背景；,⑤     文字固定印于看板，框内需要放置人员资质证的复印件信息；,⑥     文字固定印于看板，框内需要放置作业方案的原件；,⑦     文字固定印于看板，此处的应急预案需要针对危险作业的具体类别而制定，且要体现必要的应急装备/物资的种类且附上现场点检情况；,⑧     文字固定印于看板，框内需要放置培训记录信息，含：培训主题、培训时间、培训地点、培训师、培训考核合格等信息；,⑨     文字固定印于看板，框内需要放置两类人员信息，现场作业负责人及其联系方式、现场监护人员及其联系方式。,5.警示牌。污水池入口处、楼梯处各设置三块警示牌（告知牌、警示栏、操作规程），尺寸统一；污水池栏杆处每个方向至少设置一块警示牌。有毒有害因素种类应符合实际情况，浓度应符合GBZ 2.1规定。,存在缺氧或有毒且无法达到国家标准、或者不易通风换气的有限空间场所，作业时应佩戴隔离式呼吸器；必要时应拴带安全绳，并可靠地固定在有限空间外，便于与监护人员的沟通及救援。,一处有限空间、同一作业内容办理一张审批表，当有限空间工艺条件、作业环境条件改变时，应重新办理审批表。,《有限空间作业审批表》样式,备注：此表一式三联，第一、二联分别由作业现场负责人、监护人持有，第三联由有限空间所属单位存档备案，存档时间至少1年。,8.作业监护人。应设置专人进行监护，监护人应佩戴监护人袖章，全程监护，不得擅自离岗。在风险较大的有限空间作业时，应额外再增设监护人员，随时与有限空间作业人员保持联络。,监护人应装备可靠的气体检测仪、通讯设备、个体防护用品、应急救援设备等，并且定期标定、维护。,作业期间，监护人不得离岗，不得进入有限空间，并应掌握有限空间作业人员的人数和身份，对人员和工器具进行清点。,为了更高质量、更有效率、更可持续、更为安全的进行有限空间作业安全管理，有限空间作业企业应建立互联网+信息化监控平台，平台应具备以下功能：,1.人员及车辆封闭式管理功能,（1）实时展示有限空间封闭化管理区域（以下简称“区域”）内人员基本信息及人数功能;,（2）实时展示区域内车辆基本信息功能。,2.监控视频查看功能,（1）查看区域内部及周边视频监控的功能。,3.风险可视化功能,（1）展示整个区域及内部危险源实时风险的功能；,（2）展示区域内作业数、人数及报警数统计的功能。,4.三维地图功能,（1）对整个区域进行三维建模的功能；,（2）在三维地图上展示实时风险的功能；,（3）在三维地图上展示实时报警的功能；,（4）在三维地图上查看区域监控的功能；,（5）三维地图上展示人员实时位置的功能。,5.票证及活动管理功能,（1）开具作业票证（含有限空间作业票证）功能，开具的作业票证手签功能，且要能够与对应的危险源绑定；,（2）发起巡检任务功能；,（3）发起活动功能，发起的活动要能够进行自定义；,（4）证书管理功能，且能够作为开具票证的验证条件；,（5）风险矩阵管理功能；,（6）个人防护设备管理功能，且能够作为开具票证的选择项。,6.隐患排查功能,（1）定义隐患排查预案功能；,（2）发起隐患排查功能。,7.有限空间危险源管理功能,（1）管理有限空间内危险源的功能；,（2）在三维地图上展示危险源的功能；,（3）展示危险源通风状况、有毒可燃气体及含氧量监测状况、作业状况，以及当前风险状态的功能。,8.有毒可燃气体及含氧量监测功能,（1）在后台指挥中心展示有限空间作业区域内的有毒可燃气体及含氧量的实时数据功能；,（2）设定有毒可燃气体及含氧量的报警阈值功能；,（3）有毒可燃气体及含氧量超过或低于阈值的报警功能。,9.区域闯入报警功能,（1）设置人员闯入报警区域的功能；,（2）人员闯入未授权区域的报警功能。,10.明火探测功能,（1）探测到明火的报警功能。,11.紧急状态处置功能,（1）紧急按钮开关；,（2）当打开紧急按钮后，给应急处置人员自动授权进入有限空间区域的功能。,12.手机端功能,（1）监控查看功能；,（2）报警查看功能；,（3）开具作业票证功能，且对有限空间作业的必要动作进行引导和留痕的功能；,（4）巡检功能；,（5）隐患排查功能。,‍,为进一步提升全市工贸企业污水处理设施等有限空间作业可视化规范化管理，根据应急管理部近日印发的《有限空间作业安全指导手册》（应急厅函〔2020〕299号印发）、江苏省地方标准《有限空间作业安全操作规范》（DB32/T 3848-2020）以及工业和信息化部、应急管理部联合发文的《“工业互联网+安全生产”行动计划（2021-2023年）》（工信部联信发〔2020〕157号印发）等文件精神，昆山市应急管理局总结归纳并提出了“锁、网、栏、板、牌、柜、表、人”八字要素结合工业互联网+信息化平台，全面推动企业有限空间现场设置规范化、作业审批表单化、过程管控节点化，现制定昆山市工贸企业有限空间作业可视化规范化管理专项提升建设参考标准。,一、八字要素建设标准,1.安全锁。进出污水处理设施入口处需安装安全锁。包括实体锁、人脸识别和车闸等智能门禁系统等。,选用实体锁、智能门禁系统和车闸应确保无死角，未授权人员无法通过弯腰、侧身等方式绕开安全锁进入污水处理设施区域。人员通行的智能门禁系统应选用门闸或旋转闸。,2.防坠网。污水池顶部应安装防坠网，防坠网规格及安装方式应符合《安全网》（GB 5725-2009）的规定：,（1）材质：锦纶、维纶、涤纶；,（2）绳结构：网绳、边绳、系绳、筋绳均应由不小于3股单绳编制成。绳头部分应经过编花、燎烫等处理，不应散开；,（3）质量：单张网不应超过,15kg,；,（4）尺寸：平面网宽度/跨度不小于,3m,；,（5）网绳拉力：大于3000N；,（6）形状：菱形或者方形，每个网目边长不大于,8cm,；,（7）位置：安装在开口的污水池池体边缘正上方，且可靠固定；,（8）阻燃性能：续燃、阴燃时间均不大于4s；,（9）定期修护、检查及更换。,3.防护栏。有限空间的坑、井、洼、沟或人孔、通道出入门口应设置防护栏、盖和警告标志，夜间应设警示红灯。防护栏颜色统一刷成红白相间，防护栏高度、踢脚板等应符合《固定式钢梯及平台安全要求 第3部分：工业防护栏杆及钢平台》（GB,4053.3-2009）。,（1）高度：防护栏杆高度应不低于,1050mm,；当距坠落基准面大于,20m,时，防护栏杆高度应不低于,1200mm,。,（2）踢脚板：踢脚板顶部在平台地面之上高度应不小于,100mm,, 其底部距地面应不大于,10mm,。踢脚板宜采用不小于,100mm,×,2mm,的钢板制造。,（3）颜色：防护栏颜色统一刷红白相间。,（1）危险作业看板建议尺寸：L*H=,850mm,*,650mm,，主要可分为8个区域。,（2）危险作业看板内容：危险作业安全可视化看板共分8个部分,分别用于张贴危险作业安全警告标志卡、作业审批表、个人防护用品指令标志卡、人员资质、作业方案、应急预案及应急装备点检清单、培训情况、监护人等相关人员信息相关内容。,（3）危险作业看板位置：设置在危险作业现场醒目位置。,（4）危险作业看板设计：具体见下图。,②     文字固定印于看板；框内需要放置/黏贴警告标志卡，且警告标志卡需要严格按照国标要求制作/购买，即黑色正三角形的几何图形、黑色符号和黄色背景；,③     文字固定印于看板，框内的作业审批表使用本指引的格式，且相关人员需要审批签字才算有效；,④     文字固定印于看板，框内需要放置/粘贴个人防护用品指令标志卡，且指令标志卡需要严格按照国标要求制作/购买，即圆形几何图形、白色图形符号和蓝色背景；,⑤     文字固定印于看板，框内需要放置人员资质证的复印件信息；,⑥     文字固定印于看板，框内需要放置作业方案的原件；,⑦     文字固定印于看板，此处的应急预案需要针对危险作业的具体类别而制定，且要体现必要的应急装备/物资的种类且附上现场点检情况；,⑧     文字固定印于看板，框内需要放置培训记录信息，含：培训主题、培训时间、培训地点、培训师、培训考核合格等信息；,⑨     文字固定印于看板，框内需要放置两类人员信息，现场作业负责人及其联系方式、现场监护人员及其联系方式。,存在缺氧或有毒且无法达到国家标准、或者不易通风换气的有限空间场所，作业时应佩戴隔离式呼吸器；必要时应拴带安全绳，并可靠地固定在有限空间外，便于与监护人员的沟通及救援。,7.作业审批表。作业前应填写有限空间作业审批表并按规定对作业方案以及现场条件进行确认，确认无误后方可作业。最长作业时限不应超过24h，特殊情况超过时限的应办理作业延期手续。,一处有限空间、同一作业内容办理一张审批表，当有限空间工艺条件、作业环境条件改变时，应重新办理审批表。,《有限空间作业审批表》样式,<!--[if !supportMisalignedColumns]--><!--[endif]-->,备注：此表一式三联，第一、二联分别由作业现场负责人、监护人持有，第三联由有限空间所属单位存档备案，存档时间至少1年。,8.作业监护人。应设置专人进行监护，监护人应佩戴监护人袖章，全程监护，不得擅自离岗。在风险较大的有限空间作业时，应额外再增设监护人员，随时与有限空间作业人员保持联络。,监护人应装备可靠的气体检测仪、通讯设备、个体防护用品、应急救援设备等，并且定期标定、维护。,作业期间，监护人不得离岗，不得进入有限空间，并应掌握有限空间作业人员的人数和身份，对人员和工器具进行清点。,为了更高质量、更有效率、更可持续、更为安全的进行有限空间作业安全管理，有限空间作业企业应建立互联网+信息化监控平台，平台应具备以下功能：,1.人员及车辆封闭式管理功能,（1）实时展示有限空间封闭化管理区域（以下简称“区域”）内人员基本信息及人数功能;,（2）实时展示区域内车辆基本信息功能。,2.监控视频查看功能,（1）查看区域内部及周边视频监控的功能。,3.风险可视化功能,（1）展示整个区域及内部危险源实时风险的功能；,（2）展示区域内作业数、人数及报警数统计的功能。,4.三维地图功能,（1）对整个区域进行三维建模的功能；,（2）在三维地图上展示实时风险的功能；,（3）在三维地图上展示实时报警的功能；,（4）在三维地图上查看区域监控的功能；,（5）三维地图上展示人员实时位置的功能。,5.票证及活动管理功能,（1）开具作业票证（含有限空间作业票证）功能，开具的作业票证手签功能，且要能够与对应的危险源绑定；,（2）发起巡检任务功能；,（3）发起活动功能，发起的活动要能够进行自定义；,（4）证书管理功能，且能够作为开具票证的验证条件；,（5）风险矩阵管理功能；,（6）个人防护设备管理功能，且能够作为开具票证的选择项。,6.隐患排查功能,（1）定义隐患排查预案功能；,（2）发起隐患排查功能。,7.有限空间危险源管理功能,（1）管理有限空间内危险源的功能；,（2）在三维地图上展示危险源的功能；,（3）展示危险源通风状况、有毒可燃气体及含氧量监测状况、作业状况，以及当前风险状态的功能。,8.有毒可燃气体及含氧量监测功能,（1）在后台指挥中心展示有限空间作业区域内的有毒可燃气体及含氧量的实时数据功能；,（2）设定有毒可燃气体及含氧量的报警阈值功能；,（3）有毒可燃气体及含氧量超过或低于阈值的报警功能。,9.区域闯入报警功能,（1）设置人员闯入报警区域的功能；,（2）人员闯入未授权区域的报警功能。,10.明火探测功能,（1）探测到明火的报警功能。,11.紧急状态处置功能,（1）紧急按钮开关；,（2）当打开紧急按钮后，给应急处置人员自动授权进入有限空间区域的功能。,12.手机端功能,（1）监控查看功能；,（2）报警查看功能；,（3）开具作业票证功能，且对有限空间作业的必要动作进行引导和留痕的功能；,（4）巡检功能；,（5）隐患排查功能。", 昆山市工贸企业有限空间作业可视化规范化管理专项提升建设参考标准,
"昆山市工贸企业有限空间作业可视化规范化管理专项提升建设参考…,项目部有限空间应急预案演练方案,有限空间应急预案演练,2020年有限空间应急预案演练方案,有限空间作业中毒死亡事故","有限空间,告知卡", , 有限空间作业安全告知卡,
无,无,无, 污水处理站子单元的预先危险性分析,
"特种设备安全管理责任制,以安全零点文化为切入点加强班组安全管理,城市轨道交通安全管理之安全文化,扎实推进安全诚信建设 培育班组安全管理文化,安全文化在建筑工程安全管理中的作用","安全管理,司炉工","1、穿戴好劳动保护用品，认真交接班，持证上岗。,2、严格检查入炉燃料的质量，煤颗料符合要求，温度均匀，严防金属条块及爆炸物品掺入煤中入炉。,3、严格执行工艺指标（蒸发量  t/h，最高工作压力  MPa，给水总硬度0.03摩尔每升，炉水碱度20毫摩尔每升，排烟温度200度）严禁超温超压。,4、锅炉供水连续稳定，水位控制在正常水位上下30毫米。严禁满水、缺水事故发生，一旦发生断水，严禁向锅炉供水，应按紧急事故妥善处理。,5、煤斗不允许缺煤，不允许在闸门下燃烧，不脱水，炉膛保持负压10-20Pa，不允许正压燃烧，向炉门外冒黑烟。,6、炉排超负荷时，炉排减速机安全离合器自动跳开时，严禁施加外力强行运转，须查明原因后，处理壁再启动。,7、锅炉及管道上的阀门考克均应缓缓开启和关闭，压力表指针不得超过指示锅炉内最高压力的红线，一旦超过安全阀应起跳，一旦安全阀失灵时应立即采取停炉降压措施。,8、锅炉安全装置失灵，机械设备故障，及发现跑冒滴漏、震动等异常情况须及时处理，但严禁在高温高压时修理和更换。,9、保证供汽稳定，主蒸汽阀不应全开，一般开启1.5-2圈，及时排冷凝水，严防蒸汽带水。,10、锅炉应在高水位，低负荷时排污，并注意排污出口的安全，排污量控制在锅内水位下降20-30mm。", 司炉工安全操作注意事项,
"冶金企业煤气安全管理若干问题探讨,浅谈高炉煤气锅炉设计要点,CO变换煤气预热器设计探讨,煤气发电厂节约水资源生产实践,浅谈煤气的甲烷化","安全管理,煤气","煤气的输送是指煤气从煤气发生炉出口经过管道、水封、电捕器、除尘器、冷,(一)热煤气输送前,煤气管网应先经过蒸汽吹扫,吹扫用的蒸汽是来自煤气站的汽,生产净化冷煤气时,煤气要经过一系列的洗涤、冷却、捕焦、除尘、储气、加压、,脱硫等设备,管路吹扫、吹噓比较麻烦,但是,这一工作关系到送气的安全性,必须,0.5%-0.3%为准,前面的设备合格后即可关闭放散阀,开启下一设备的蒸汽,煤气进,在煤气站吹扫、吹噓、调试过程中,要特别强调以下几点:,1、严禁工作人员携带火种,更不准在站区内吸烟以及出现其他明火。,3、如果有条件时,在危险区的操作人员最好配带微型可燃毒气报警器,或在易,4、煤气点燃时,如开启煤气阀门长时间(不允许超过2分钟)点燃不着,应立,5、在点火初期,由于用气设备要求温度低,燃烧器煤气流量也低,同时刚开始", 煤气的输送和使用,
"煤气的输送和使用,冶金企业煤气安全管理若干问题探讨,司炉工安全操作注意事项,特种设备安全管理责任制,以安全零点文化为切入点加强班组安全管理","安全管理,煤气炉","煤气炉并网是指二台或多台煤气炉,共用一套净化设备和输送管网,煤气炉同时或先后将合格煤气并入共同的净化设备或共用管网中。相反,二台或多台同时运行的煤气炉,有一台或几台因故要从共用的净化设备和管网中分离出来称煤气炉脱网。,(一)二台或多台煤气炉同时点火烘炉、调试、送气的操作方法与一台煤气炉点火烘炉、调试、送气的操作方法相同,只是要保证各煤气炉的煤气出口压力,温度尽量相同或相近,才能保证并网后各煤气顺利运行。,(二)当一台或多台煤气炉运行时,因需气量增加,需将新的煤气炉,或冷备、热备炉启用并入,或因运行中煤气炉因故将停用用新炉、冷备或热备炉代替时,其操作方法如下:,1、新建煤气炉、冷备煤气炉要按照前述的操作方法,点火烘炉,投入正常运行,,然后吹扫、吹嘘该炉通往汇总管的净化设备和管路,含氧量符合要求后,将要并入炉的煤气压力调整到接汇总管中的煤气压力,即可开启接通汇总管的阀门,并入使用,使煤气量增加,保证后线用气。,2、如因故,要某台煤气炉用新炉、冷备炉取代时,可根据情况的急或先脱网后并网,或先并网、后脱网。3、热备煤气炉投入运行的操作方法如下:,(1)关闭自然通风阀,打开供风阀,打开供风阀及饱和温度蒸汽阀。,(2)启动加煤机及出灰机构,(3)调大竖管和洗涤塔的冷却水阀门。,(4)调整汽包的水位,关闭放汽阀,如汽包蒸汽不足时,应打开外来蒸汽阀予以补充。5)通过探火,调整炉内渣层、火层和煤层,根据探火结果调整加煤、出灰量和气化剂饱和温度。,(6)取样化验、当煤气中含氧量合格后,按并网的操作程度并网,投入正常运,4、运行的煤气炉脱网转入热备、冷备炉的操作方法如下:,如果转入冷备炉时,应停止鼓风,但仍鼓入蒸汽,将炉火熄灭通过出灰器将在炉内的灰渣全部除掉,放掉灰盆内的水,打开人孔,进行全面检查、检修,检修好之后,重新铺上灰渣、引燃物、木柴及煤块以备点火用。冷备状态的煤气炉如遇冬季时,应将煤气炉夹套、汽泡中的软化水全部放掉以防结冰,胀坏炉体。,生产炉转热备炉的操作方法如下:,1、将自动改为手动,减少供风量,适当多加煤,降低炉内温度。,2、打开放散管阀门或炉顶火矩的阀门,同时将煤气发生炉与煤气网路断开。,3、停止加煤机和出灰机构运转。,4、缓慢关闭供风阀和供饱和度蒸汽阀,打开自然通风阀。,5、关闭汽包补充蒸汽阀,打开放汽阀。,6、调小竖管及洗涤塔冷却水阀门。,7、两段式煤气发生炉应关闭顶部煤气阀门和底部煤气阀门,并开启顶部火炬阀门和底部室竖管上盲板少量空气进入,维持炉内不要熄火。,在操作过程中及热备用期间应注意的几个问题:,(1)放散管阀门及自然通风阀的开度要适当,不能过大或过小,否则不仅浪费煤炭,而且可能造成事故。,(2)煤气发生炉在热备期间,炉内呈负压状态,因此不能打开探炉孔,不得启动加煤机和出灰机构,以免吸入空气引起爆炸同时应注意检查各处水封位、水封。,(3)热备用时间超过48小时,则应启动炉子处理一次,其步骤是关闭自然通风阀,打开供风阀供风,启动加煤机及出灰机构,经探炉确认处理达到正常后,恢复热备用状态。", 煤气炉的并网和脱网,
"发生炉煤气安全管理(试行)规程,煤气炉的并网和脱网,煤气的输送和使用,冶金企业煤气安全管理若干问题探讨,外导架直升式煤气柜的检修施工","安全管理,煤气柜","1、应急操作：,1）值班员应立即关闭进柜阀，全开出柜阀，降低柜位，当柜位降至5000立方米时，打开旁通阀，关闭出柜阀。,2）关闭进出柜盲板阀，可靠切断气柜的煤气来源。,3）向柜内充入氮气。,2、应急响应：,1）煤气救护人员应指派专人在煤气站门口危险区域设置临时警戒，无关人员禁止入内，在保卫处人员到达后，现场警戒由武装保卫部承担。,2）消防队员到达现场后，应立即做好残余煤气二次爆炸着火的灭火准备。,3）煤气救援人员立即对气柜进行置换，在底部置换合格后，打开气柜上部人孔，对气柜上部进行残余煤气处理。,4）现场应急队指挥组织人员穿戴好防护器具，进入柜内检查煤气含量。当确认无煤气残留后，方可详细检查设备受损情况及着火原因。,5）如爆炸引发着火，按着火预案进行处理。", 煤气柜活塞煤气泄漏发生爆炸时的应急操作与响应,
"煤气柜活塞煤气泄漏发生爆炸时的应急操作与响应,发生炉煤气安全管理(试行)规程,煤气炉的并网和脱网,煤气的输送和使用,冶金企业煤气安全管理若干问题探讨","安全管理,煤气柜","1、应急操作：,1）调节油水分离器的回油量，使活塞油位达到800mm以上并保持相对平衡。,2）值班员立即关闭进柜阀，全开出柜阀，降低柜位，当柜位降至5000立方米时，打开旁通阀，关闭出柜阀，打开进柜阀门并保持其开度在20%。同时向柜内充入氮气。并迅速开启消防泵，进行喷淋降温灭火。,3）火灾扑灭之前，严谨全部关闭进柜阀门，以免引起回火爆炸。,2、应急响应：,1）煤气救护人员应指派专人在煤气站门口危险区域设置临时警戒，无关人员禁止入内，同时接应消防人员且为其指明水源，在保卫部人员到达后，交予保卫部承担。,2）消防队员到场后，应立即采取措施，进行灭火并对气柜外壁进行喷水降温，防止煤气柜变形损坏。,3）当柜内火熄灭后，应延续20分钟后再关闭氮气及停消防水，防止火灾复发。,4）气柜灭火并确认正常后，应关闭进柜蝶阀并关闭进出柜盲板阀，可靠切断煤气来源。,5）请示现场指挥同意，可关闭喷淋水，进行事故查找和修复工作。但需打开柜底放散阀，并继续通氮气对气柜内残余煤气进行置换，化验合格后停通氮气。,6）现场应急队指挥组织人员穿戴好防护器具，进入柜内检查煤气含量。当确认无煤气残留后，方可进柜检查设备受损情况及着火原因。", 煤气柜活塞上部煤气泄漏引发着火时的应急操作及响应,
"煤气柜活塞上部煤气泄漏引发着火时的应急操作及响应,煤气柜活塞煤气泄漏发生爆炸时的应急操作与响应,煤气工段火灾事故应急救援预案,风电部煤气工段安全设施、设备管理和维护、检修管理制度,风电部煤气工段设备定置检修制度","中毒,安全管理,煤气","1、应急操作：调节油水分离器的回油量，使活塞油位达到800mm以上并保持相对平衡。,2、应急响应：,1）发生人员煤气中毒时，值班人员应立即佩戴呼吸器，将中毒者抢救出煤气区域（气柜柜区），安置在煤气站西大门外侧。,2）煤气救护到达后，立即协助值班人员进行煤气中毒人员的抢救，根据中毒者中毒程度，分别采取吸氧、强制人工呼吸或利用苏生器给氧苏生等措施，在医生未到之前，不得停止抢救。,3）煤气救援人员设置临时警戒，防止无关人员进入再次发生事故，保卫处人员到达后，保卫部承担，事故未处理完成，安全警戒线不能解除。,4）医疗救护人员到达现场后，应立即对中毒人员进行抢救，并及时送医院治疗，在送医院过程中不得停止抢救。,5）煤气救护人员在抢救人员的同时，应协助高炉站值班人员做好煤气泄漏点的查找及处理工作。", 发生人员煤气中毒的应急操作及响应,
"带煤气抽堵盲板的操作规程,风电部煤气工段卫生管理制度,风电部煤气工段安全生产确认制度,风电部煤气工段安全生产检查制度,风电部煤气工段安全生产联保制度","安全管理,煤气","一、仪器与用品,烘箱、分析天平、流量表、取样管、脱脂棉、橡皮管、温度表、大气压力表,二、分析步骤,1、洗净取样管，塞上棉花，放入烘箱烘2～3小时，在分析天平上称量出W1,2、将烘干的灰尘取样管一端与煤气取样口接通，另一端与流量升接通，打开取样阀约半小时，读取煤气流量表的流量，记录煤气温度,3、将带有灰尘的取样管放到烘箱烘3～4小时，冷却干燥后再在分析天平上称量W2,4、计算煤气的含尘量,A将煤气体积换算成标准状态下的体积,V0=V×（P-b）×273/[760×（273+t）],V：流量表读数（1）,b：t℃时的饱和蒸汽压（mmHg）,P：大气压（mmHg）,t℃：煤气温度,B煤气含尘量：（W2-W1）/V0（mg/Nm3）,10、分析天平的使用规定,1）      每次称量前，应检查天平是否处于水平状态，然后测零点,2）      被称物不得超过天平量程,3）      增减砝码或夹取物体应在天平休止时进行,4）      启、止天平要缓慢,5）      过冷、过热物体不能放在天平上称,6）      液体或挥发性、腐蚀性物料，应在特制器皿中称量,7）      称量完毕后，应休止天平、关上门，放下罩布后方可离开,8）      天平盒内应有干燥剂，并定时更换,发现天平故障，应报告有关人员，不得自己动手修理，以免损坏。", 煤气含尘量分析规程,
"煤气含尘量分析规程,煤气柜联锁失灵事故预案,煤气柜柜区停电事故的处理预案,发生人员煤气中毒的应急操作及响应,煤气柜活塞上部煤气泄漏引发着火时的应急操作及响应","安全管理,煤气柜",无, 煤气柜运行控制与操作标准,
无,无,无, 储运单元预先危险性分析表,
无,无,无, 真空站子单元的预先危险性分析,
无,无,无, 浓缩干燥单元的预先危险性分析,
无,无,无, 硫酸铵生产单元的预先危险性分析,
无,无,无, 中和单元预先危险性分析,
无,无,无, 单元的预先危险性分析,
无,无," ,由于化工品普遍存在着易燃、易爆、有毒且容易造成环境危害的特性，所以化学品码头作业环节必须严格执行安全控制，以降低相关环节的作业风险。如今，国外有关化工品船舶在码头控制措施方面已经具备了一整套详细的体系，经过多年的积累，各项标准及制度已经规范化。并且国外多年来的一直坚持系统管理和培训，使相关管理人员及操作人员对于标准及流程有了统一化理解。国内的化工品船舶在码头的货物操作，与国外最佳的管理实践相比相距甚远。鉴于此，本文结合具体事例与对国内化工品码头安全管理体系提出建议。,码头需要完善的安全管理体系,码头不仅要在船舶靠港装卸货作业期间，担负起管理协调货物操作各方的角色，维护船岸界面的安全管理职责，更要在发生紧急情况时，承担起应急响应职责。但由于国内化工品码头融合了中外合资、民营、国资以及隶属于工厂的码头多种运营模式，且各方标准不同所以很难达到统一化、标准化。目前国内码头在安全管理上水平参差不齐，可改进的空间较大。,对比国内外码头不难发现，由于国内码头经验不足，所以在运营安全标准方面都和国外存在较大差异。例如在跨接线电缆的使用上，国外码头经过论证认为一般的跨接线电缆不足以消除船岸之间的电位差，推荐使用绝缘法兰来消除作业中的静电风险，这种做法与很多国内的做法存在差异。在软件的建设上，国内码头也缺少一些必要环节。例如国外的石油及化工公司都有码头审计的安全保障措施，其中在码头管理方面有成熟的安全审计问卷及指南，利用这些材料可以指导码头管理水平提升，但在国内却没有得到重视。虽然国内外存在差异较大，但可以肯定的是利用国外码头管理体系的成熟经验来提升国内码头的安全管理能力是现阶段最简单有效的手段。,伴随国外大型石油公司及化工公司在国内的实体工厂规模骤增，国内码头需要开通对相关的业务码头进行基于OCIMF及CDI标准的码头安全审计的环节。国内码头运营商可以通过制定明确的标准和流程来指导相应的操作，同时通过定期回顾的方式不断地更新，来持续地改进化工品码头的安全管理体系标准。完成码头安全审计环节的建设是码头通过借鉴国外经验提升自身管理能力的重要一步。,码头长的培训不容忽视,码头长处于一线工作位置，直接面对货物装卸过程中各个复杂环节，需要了解化工品特性，货物操作流程、 应急响应处理、 作业计划制定、船岸安全界面检查等多方面的知识，在国外很多码头长都由是有经验丰富的船长及高级船员担当。,目前国内由于行业发展迅速，码头长相比而言经验较少。这就需要码头公司重视码头长能力的培养，尤其是有关船岸界面安全管理能力。笔者认为目前按照行业管理，应该统一使用OCIMF推荐的船岸安全检查表来进行船岸的安全检查。该表格对于作业前的船岸安全检查内容有非常详细的规定，但是从目前很多国内码头的使用状况来看，部分码头长对于该检查表的理解存在障碍，不能够完全理解每项标准的含义。,此外，由于化工品种类众多，不同的化工品的危害特性都不同，需要码头长熟练了解每个货种的特性，对货物操作过程中的温度、压力、 流量进行控制，这些标准的提出都要求码头长具备比较全面的知识结构。因此，目前国内码头公司应给予码头长培训足够的重视。笔者建议第一步可以着手通过行业合作的方式来确定培训教材及内容，并成立专家库，邀请不同领域的专家对码头长培训，来提高码头长的能力。再进一步可以借鉴船员的资质认定，对码头长的专业能力进行资质认定，实行评级准入制度。,加强沟通协调分享安全风险隐患,化工品码头在作业环节中处于承上启下的作用，因此应及时组织各参与方分享相关的安全风险及作业流程。要从船舶作业、码头操作、 管道操作、 货主罐区收发货作业这几个大环节来考虑相关的作业计划。所有的作业计划应与各方进行沟通确认后再给予执行。这样可避免从局部利益考虑，忽视了整个货物输送过程中的风险隐患。例如在货物的输送中的切舱操作、流量的变动、 压力的提升等涉及到整个链条安全表现的操作，都需要码头长与船舶及收发货罐区进行有效一致的沟通确认，再予以执行。另外在涉及到不常用货种的作业时，应召集船舶及货主单位进行多方位的风险评估，并制定完善的风险控制计划。,2010年在大连发生的严重火灾事故，就暴露出了在沟通方面的缺失。船方在作业终止了几个小时后，原油脱硫作业方竟不知道卸货终止，依旧按照原流程作业，造成了严重的财产损失和环境损害。问题的发生暴露了在沟通控制环节上的不足。此外码头应将自身的作业能力、码头水深、系缆标准等一系列涉及到与船舶靠泊及作业安全有关的参数及规程编制成册，及时进行沟通。另外，在日常的操作环节，应对装卸货船前的码头船舶安全沟通会议给予足够的重视，码头方及船方应很好的就装卸货过程中有关操作流程、紧急停止程序、 装卸货顺序及流量控制、安保措施等一系列问题进行细致交流，对可能存在的安全隐患进行交流，杜绝事故发生。,安全制度应注重执行与沟通,通常化工品码头都有严格的安全制度，但在具体执行过程中存在很大差异。PPE政策、手机政策、车辆进入及人员进入政策在很多码头都存在不能有效执行的情况。码头作为船岸安全重要的责任方，有责任对作业区域的安全进行有效的管理，并推动整个区域安全管理水平的提高。,有关安全管理规定是建立在风险评估的基础上，并不是越严越多越好，如果不合事宜的安全规定出台反而会造成人员的不理解，甚至还造成人员对于整个安全管理政策的不理解及质疑，这样就对无差异的安全文化造成冲击。例如在主要的交通道路上未加以评估设置限速5KM/小时的速度标识, 在非生产区设置手机禁止接听标记等。一旦安全标准确定，就应在此基础上做好安全制度的告知及沟通工作，通过培训及在显要地段设置安全警示的方法，清晰传达相关的安全制度。做到人人理解，人人遵守，日久天长，形成习惯后就变成了企业文化。,提高应急响应能力,涉及到化工品装卸货物的事故需要迅速、有效及科学的应急响应。化工品事故种类众多，应急响应的方案需要多方专业人士的协调才能够成功，因此组建专业的应急响应小组，定期根据自身码头的风险特点及处理货物的种类，来制定不同应急预案必不可少。这种演练的内容应从实战出发，在分析了各种事故的可能性后，测试应急响应的可能性。通过定期的通知及不通知演习，来不断找出在应用指挥、救援预案、人员能力、应急设备上的差距，予以弥补。演习中应特别注意总结环节，通过设置不同专业的观察员，全方位地观察应急响应中的经验及教训，通过事后的深度总结来制定出整改项目，从而增加演习的有效性。,化工品码头的安全管理涉及到大量的专业知识，只有通过整个行业的共同努力、提升，才能使码头运营更为安全。,党中央、国务院高度重视安全生产工作 ，“十七大”报告也提出安全发展、和谐发展。《安全生产法》规定：生产经营单位必须加强安全生产管理，建立、健全安全生产责任制，完善安全生产条件，确保安全生产。企业是安全生产的第一责任主体，码头是水上安全链中的重要组成部分，船港界面作业活动是水上安全链中的重要环节，码头单位有责任有义务加强对所靠船舶的管理，保证靠泊作业安全及通航安全。,我们推动码头加强所靠船舶的安全管理就是进一步健全和完善水上安全监管责任链，落实《安全生产法》、《港口法》等法律法规要求，节约监管资源，提高监管效率，共同维护水上交通安全。,码头要落实哪些船舶安全管理责任？,根据《安全生产法》、《港口法》等法律法规，码头单位应对所靠船舶落实以下安全管理责任：一是靠离泊安全管理;二是装卸货作业安全管理;三是防止船舶超载;四是督促船舶遵守法律法规，主动提醒船舶按规定办理报港和签证手续;五是选择适航适装船舶。,作为码头单位是如何落实船舶安全管理责任的？,码头单位从以下七个方面探索落实船舶安全管理责任:一是码头强化自身管理，健全安全管理制度,定期对船舶靠泊设施进行检查，其次是对作业人员进行培训确保配备合格适任的作业人员,最后是码头将责任分解到部门和人员;二是建立和健全船舶安全管理台账。,三是现场核查。对进出港船舶进行船舶干舷等方面核查，出具船舶干舷核查单，发现问题直接向海事部门报告，确保不发生超载等违法行为。四是绩效考核。码头单位把船舶安全管理责任落实情况纳入绩效考核，和职工的奖金挂钩。五是码头对船舶实行诚信等级管理。六是对技术状况不符合要求，安全管理水平差的低质量船舶谢绝靠泊进行装卸货作业港。七是码头领导带班。遇有大风、大雾等极端天气，码头公司领导在接到极端天气预警通知后，及时疏导在港船舶确保码头及船舶安全。,是如何推动码头落实船舶安全管理责任的？,一是加强宣传.对码头单位宣传讲解法律法规规定的码头单位在船舶靠泊、装卸作业安全管理、杜绝船舶超载等方面的责任和要求。辖区码头单位都签订了《码头单位落实船舶安全管理责任承诺书》。,二是通过超大型船舶安全评估会的形式，督促码头严格落实船舶靠离泊安全措施、防止小型船舶超载等措施。  [12-17 10:53],三、提供行政指导。我局在码头建立和健全船舶安全管理责任制的过程中提供及时、有针对性的建议和指导。四、实施船舶电子报港制。船舶电子报港制作为一项服务船民、便利船民的服务举措，建立了电子报港平台，形成船舶电子报港回复制。海事部门在核准船舶报港短信后，回复至码头，码头即可安排船舶进行装卸货作业。五、实行诚信管理。根据各码头对进出港船舶的管理情况，综合评估码头单位履行安全生产主体责任情况，判断各码头企业安全管理能力和水平，管理好的码头，对靠港船舶提供诚信便利措施。,企业是安全生产责任主体，码头落实船舶安全管理责任是法律法规所要求的，船港界面活动是水上安全监管中的重要环节。推动码头落实船舶安全管理责任的目的是共同维护水上安全。,你们怎么对码头进行管理，,海事管理机构是水上交通安全监管的法定机构,船港界面活动是水上交通安全的重要环节,海事管理机构有责任对船舶在港期间作业活动履行监管职责。加强对船港界面活动的安全监管是海事部门推动码头落实船舶安全管理责任的重要手段。,二、船岸安全检查相关内容 危险品作业船岸界面存在的 主要问题 1.船岸检查表有关内容没有共同逐项检 查核实，有的码头甚至将船岸界面检查 表交于船方自行填写；外轮船岸检查表 实施不理想，大多数有翻译完成，也没 有落实船岸检查表中的各项检查要求； 2.船舶靠泊后有时在缆绳没有全部带上 的情况下就开始作业； 3.为了生产，有时在围油栏没有围的情 况下就开始作业； 4.作业时码头值班人员有离岗现象；靠离泊时 码头工人没有及时到位； 5.码头调度不合理，码头与船方沟通协调不够， 特别是对首次靠码头的船，码头方没有向船 方及时告知水文情况，一些特殊靠离泊及作 业的安全监管措施及要求（超规范），码头 方没有在进港前告知船方，措施及要求得不 到落实，一些散化船作业时码头方残气回收 设施不能常处于良好状态； 6.码头船舶油污水接收设施不足，致使船舶在 空船时的压载不能满足要求； 7.部分码头操作不熟练，对操作规程不熟悉。 8.个人的防护措施没有执行。 9.液货软管的定期检测未进行。 10.出现装货超载现象。,现场作业监管，强化法律保障,加强船、岸作业界面检查，核实船舶、码头安全防污染措施是否到位，船、岸双方是否进行了必要充分的信息沟通并确立了联系沟通渠道，船岸双方是否明确应急情况下双方采取的行动程序，检查船岸双方是否签订船/岸检查表并按照检查表的要求落实好每一项工作。     船舶作业开始之前，船岸双方对确定的通信方法应充分进行试验，并设立第二种备用的通信方法。船舶开始作业之前，船岸双方应备妥消防、防污染器材，船舶布置围油栏，船、岸消防系统处于随时可用状态，双方都应备有国际通岸接头。     油轮应按照规定显示信号、值守人员坚守值班、舷梯口悬挂告示，标明：警告、禁止烟火、未经许可禁止登船等内容。采取有效措施防止船岸之间因电势差产生回路电流。通常这种措施通过船岸电气绝缘或跨接的方式实现。输油软管的外表应无磨损、压扁、膨胀、皱折等明显缺陷，软管应定期进行压力试验，时间间隔不得超过一年，并在软管上标明试验日期。     作业人员在作业前应消除身上静电，严禁在作业时穿着及更换尼龙、化纤服装，严禁穿带钉的鞋子。执法人员登轮前要释放静电，穿着的服装和鞋帽应符合要求。作业现场禁止人员佩戴老花镜。     当油船或毗邻泊位油船进行装卸挥发性石油或油温接近或高于其闪点的非挥发性油作业时，船舶生活区的所有外部开口（泵舱除外）均应保持关闭，保持关闭的舱门不得上锁并应有明显开关指示标志。     油轮进行作业时，不得同时进行船舶加油、加水、残油接收、拷铲、雷达检修、热工作业等产生静电和火花的作业。油船停靠油码头期间应备妥应急托缆，油船锅炉、主机、舵机和其他操纵所需设备都应保持可使油船迅速离泊状态。,安全与防污染监管,油船安全与防污染的要求除满足一般货船的要求外，应注意下列特殊要求，并加强检查：     凡150GT以上的油船，应备用《油类记录簿》第一、二部分， 150GT以上的油船应配备主管机关批准的《海洋污染应急计划》，计划应按照规定进行演练并进行记录。     所有便携式灯具和电器设备应经主管机关认可，使用前应仔细检查，以保证在使用中绝缘完好，电缆连接牢固，包皮没有损坏。2000 总吨及以上的油船，应设有符合要求的固定式探火与失火报警系统，其安装和布置应在起居处所的所有走廊、梯道，脱险通道内提供感烟式探测保护及手动报警按钮。     若多油舱透气装置连在一起，透气装置管路则应装有截止阀或其他可接受的设施以隔绝每一油舱。若安装的是截止阀，则应配备锁闭装置，并由负责的高级船员控制。透气系统应设有防止火焰进入液货舱的装置（防火网），检查时应注重透气管的锈蚀情况和防火网的状况。若透气采用动力式排出，且透气的节流速度达到不小于30m/s时，透气孔在货油舱甲板之上的最低高度为2m；若采用气体混合物自由排出的方式时，透气孔在货油舱甲板之上的最低高度为6m；当透气孔布置在步桥两侧4m 以内时，则透气孔应在前后步桥以上高度不少于6m。     为保护油舱，油船应配备一套符合要求的固定式甲板泡沫系统。对载重量小于4000t 的油船，可仅设泡沫枪，泡沫枪的数量不少于4支；对小于500 总吨的油船，可采用可携式泡沫枪替代泡沫系统。油轮的消防总管应在船舶尾楼前端有保护的位置上设置隔离阀，且在货油舱甲板上消防总管每相隔不大于40m 的位置都应设置隔离阀，以便在失火或爆炸时能保持消防总管系统的完整性。     150 总吨及以上的油船应设有污油水舱，总容量不得小于船舶载油容量的3%。对于设置专用压载舱或清洁压载舱，或设置有货舱清洗系统，且该系统可以使用污油水舱的水清洗货舱，可以接受2%。对于既设置有专用压载舱或清洁压载舱，又设置有货舱清洗系统的船舶，可以接受1.5%。150 总吨及以上的油船应装有排油监控系统和油水界面探测器，以便能确保排放的油污水符合要求和迅速而准确地测定污油水舱中的油/水分界面。,船员监督检查，规范操作技能,油轮船员除持有普通船员的证书外，还应持有特殊培训证书。对于减少配员的船舶，重点核查船舶配员是否符合本航次的配员要求。 加强船员消防、防污染方面的实际操作检查，确认船员是否了解应急情况下自己的职责和是否具备职责范围内的操作技能。油轮停泊值班除满足一般船舶值班要求外，还应满足危险货物船舶的特殊值班要求。除船长、大副及轮机长、大管轮不能同时下地外，甲板部、轮机部还应分别安排一名高级船员和多名普通船员值班，通常值班人员不少于总人数的1/2，确保紧急情况下船舶能迅速撤离泊位。,善于分析总结，探索有效监管途径,重视海事监管执法人员业务能力培训，加强监管执法人员素养提升，在日常监管工作中展示海事人综合素质，鼓励基层监管人员结合本区域工作实际，梳理码头分布、通航状况、油轮载货种类等各类数据情况，分析探索具有本土化特点的船舶安全防污染管理规律，改进监管措施、方法和手段，追求高效管理、和谐监督，达到有效监管的目的。,水上危险品运输安全管理主要包括航行、停泊和接卸作业三个主要环节，其中最容易出问题的环节就是船舶码头装卸作业(包括过驳作业)，在接卸作业过程中，介质大多是易挥发、易燃易爆和有毒物质，一旦泄漏，极易酿成重大火灾、爆炸或污染事件。因此重视码头船舶装卸的安全工作，确保化工码头和船舶的安全就显得十分重要。目前安全隐患突出，事故险情时有发生。,掌握货物的理化性质和接卸生产安全控制有着十分密切的关系。要想要确保船岸装卸整个环节安全，从接卸货物自身理化特性有针对性的选择出科学的装卸工艺，严格遵守操作规程，全面分析接卸生产环节的注意事项，做好科学控制，才能保证人身安全、货物安全、设备安全、环境安全，为危化品装卸生产安全提供可靠保证。,四、事故的预防及安全控制,1、加强从业人员培训教育，提高法律意识和业务素质,载运危险货物船舶的船员，应当持有海事管理机构颁布的适任证书和相应的培训合格证，熟悉所在船舶载运危险货物安全知识和安全操作，船员应当事先了解所运危险货物的危险性和危害性及安全预防措施，掌握安全载运的相关知识。发生事故时，应遵循应急预案，采取相应的行动。,2、进一步规范码头管理,(1)建立安全与防污染管理体系。将危险品码头的管理制度、操作规程、设备管理、人员培训及应急预案等都纳入体系管理，进一步促进管理的程序化、规范化。,(2)加强设备的检查，督促责任人定期维护保养。严格按照相关标准配备相关安全设备、应急反应器材和防污染设施，定期督促码头责任人加强对安全与防污染设备的维护保养，对液货管线、靠泊设施、消防器材等进行定期检查，确保处于良好状态。,(3)规范船舶装卸作业行为。作业中应严格落实船岸安全检查制度，认真执行操作规程，遵守安全注意事项，合理控制装卸货物的压力、流速等参数，加强值班和巡视，注意作业现场及周边环境，维护船舶靠泊秩序，合理为船舶积载，确保船岸双方的安全。,3、加强对防雷、防静电设施的检查维护,危险品码头是易燃易爆区，一旦产品装卸作业时遭受雷击起火，事态将非常严重。为此，平时应加强对危险品码头避雷设施的检查、维护、检测，保证安全完好。船岸双方应严格执行在遇到雷雨天气时停止装卸作业的规定。,油品在管道内流动市产生静电;当油品中混入少量的水分和其他杂质和在油舱沉降过程中，也因接触分离的形式带电。电荷也会随着油流进入船舱，流速越快，油料越多，所带静电量越大，当静电积聚集到一定程度时，就可因火花放电而产生火灾爆炸事故。为避免由于静电引起火灾事故，就要做到油品、化工品装卸作业时，一定要保证静电释放装置设施完好，连接部位固定牢固;船岸静电接地装置(包括报警装置)处正常工作状态;控制危化品流速;船岸操作人员要按照规定着装，不穿化纤衣服、带钉鞋;人员在进入危险品码头前触摸人体静电释放器;操作人员在计量检尺取样时，按照要求进行，要在停泵后30分钟后操作，且不能速提速放;装货时，除呼吸阀打开和开放进油管道外，尽量封闭液货舱开口部分;装货结束，不能用压缩空气扫线等。,4、加强对电器设备的检查维护,电气安全是一项综合技术，既有工程技术的要求，又有组织管理的要求，它包括绝缘防护、屏蔽防护、安全间距防护、防雷接地防护、漏电防护、自动控制等设备。油船、化学品船任何危险区域或处所的电器设备必须是船检部门认可的船用防爆型电器设备、防爆型和空气驱动型照明灯具;电缆必须穿管敷设，日常应当加强检查，防止被腐蚀和外力损伤。危险品码头大都安装了流量计、自控设施、电加热设施，这些电器元件在码头暴露野外，易老化，为此，除安装选型时要求防爆外，日常要加强维护检查，不出现由于电器元件老化、短路等现象，引起火灾事故。,5、消防和防污染设施的配备与应急演练,船岸接卸通常周围比较空旷，码头罐区间距较近，一旦出现火灾，其火情容易扩大，形成连锁反应，造成水域严重污染。因此，危险品码头和危化品船舶必须按照防火设计规范和相关标准配备消防设施和灭火器材。同时为了防止泄露扩大，污染水域和火灾的蔓延扩大，要配备一定数量的围油栏、消油剂、吸附材料等。,此外按照相关法律规定，码头和船舶都应当制定切实可行的应急反应预案，开展人员培训，定期进行演练。,6、泄漏处置,根据货物的物态及理化性质和危险性，在发生意外泄漏、洒漏时，采取简单有效快速处置措施消除减小泄漏危害。,泄漏现场的注意事项：首先考虑切断泄漏动力源，采取应对堵漏措施控制泄漏量;如果泄漏货物易燃易爆，则必须首先消除泄漏污染区域的点火源;针对泄漏污染物的易燃性和毒性，现场处置人员采取针对性处置措施并注意个人自身防护;现场泄漏处理的原则是先救人后处置，进入污染区必须2人以上并保证一前一后;进入有限空间时必须留人在外监护;是否疏散和隔离，视泄漏货物毒性、燃爆性和泄漏量的大小而定。,根据泄漏货物的常温常压下的状态进行相应的处理。对气体泄漏物：切断泄漏物。用合理的通风和喷雾状水等方法消除其潜在危险。液体泄漏物：在保证安全的前提下切断泄漏源。易燃类采用泡沫覆盖、喷洒干粉、减少可燃气体挥发，用木屑或沙土围堵收容转移工具消除泄漏物。固体泄漏物;对于常温常压下泄漏物是固态的货物，选用适当的工具收集泄漏物。,7、利用现代监控设备，对船舶动态进行实时监控,在吞吐量大的危险货物码头设置监控系统，充分利用VTS、CCTV等先进监控设备对码头船舶靠泊作业、装卸作业进行远程监控，随时掌握码头动态。在事故、险情发生的第一时间就能做出反应，有效降低事态进一步的扩大。,五、结束语(安全管理交流-www.riskmw.com),以上从装卸作业容易引发事故的因素、事故起因入手，对危险品码头、船舶装卸作业中，预防事故的作了一定分析。预防危险品码头船舶接卸事故的发生，首先要对危化品固有的理化特性充分认识并提高警惕性;其次保障设备设施处于安全状态，控制好人为因素引起的不安全行为，减少或者消除引起燃烧爆炸的外部条件;此外，应提高危险品码头船舶的管理措施，配备完备的消防和防泄漏设施，编写事故应急预案，同时加强船岸协同演练，以保证预防事故和事故发生时硬件和软件相结合，降低危险性，促进安全生产。,第二章 管　理,第十条 直属企业应成立以分管领导负责，保卫、消防、安全、作业区、运输等部门参加的码头防火领导小组，主要职责是：,1.贯彻执行上级有关安全防火工作的指示和规定；,2.建立健全安全管理规章制度和操作规程，并督促落实；,3.按规定配备消防力量、消防设施和器材；,4.配备码头监督员，对安全防火工作进行监督；在装卸作业前，应填写船/岸安全检查表（见附表），并对各项安全措施进行检查确认，符合要求后，方可实施装卸作业；,5.制定事故预防和应急救援预案，主要内容应包括：设备设施概况，重点部位、应急队伍的组成及职责、应急措施、应急救援流程图、指挥序列表、通讯方式、应急人员联络表等。并每半年组织一次应急预案演练；,6.每月组织一次全面安全检查，对查出的隐患应立即整改，暂时无法立即整改的，应制定切实可靠的防范措施，并制定整改计划，督促限期整改；,7.协调解决码头安全管理工作中出现的各种问题。,第十一条 自觉接受当地政府有关部门对码头的监督管理，督促生产部门做好日常安全和防火工作，严格执行码头作业区的动火作业及施工作业等制度。,第十二条 加强码头消防设备、器材的管理，保持良好状态，确保消防通道畅通。,第十三条　切实重视码头防台防汛工作，汛期应加强检查、巡逻、值班，防止意外事故发生。,第十四条 按交通部《船舶载运危险货物安全监督管理规定》（交通部10号令）的有关条款对运输船舶实施管理。,第十七条 停靠码头：,1.凡准许停靠码头的船只，应服从码头的统一指挥，遵守各项管理规定。,2.发动机排气管无火星熄灭器的船舶、车辆不准停靠码头。,3.凡停靠码头进行装卸的船舶一律禁止明火，非防爆电器一律停止使用，严禁任何人员在防火防爆区域内吸烟。,4.危险化学品装卸结束后，应关阀封船及时离开码头；进行洗舱作业时，应办理申请单，经批准且采取有效措施后，方可进行。,5.危险化学品货船装卸作业时，应随时保持适航性，首尾外侧备有应急拖缆，一旦发生意外，应立即离开码头。,第十八条 装卸作业,1.装卸前应编写作业指导书。,2.严格遵守操作规程，控制输油速度，正确使用设备，消除脏、乱、差、漏，确保设备处于良好状态。,3.装卸易燃液体危险化学品时，作业人员应首先消除人体静电，然后将货船与码头间用两根专用接地导线分别进行可靠的连接；装卸结束，应将软管、输油臂内的余油除净，关紧阀门，不得用高压水冲洗橡胶、塑料管，将软管拆除后，应经过规定的静置时间后，才可将接地线拆除。装卸接地线的连接点位置应离开易燃易爆的危险部位。,4.装卸作业时应使用防爆电筒和防爆工具。,5.连接软管应留有余量，以免受到浪损被拉断造成跑料事故；采用金属软管装卸时，应采取措施避免软管与码头面之间的摩擦和撞击。,6.装卸作业过程中操作人员应坚守岗位，巡回检查危险化学品货船的倾斜度，如发生非因装卸物料引起的倾斜，应立即报告上级，查明原因，尽快处理。,7.相邻泊位的船舶间距应符合JTJ 237《装卸油品码头防火设计规范》的规定。,8.集装箱装载遇水爆炸、燃烧或遇空气自燃的危险物品不得超过一个桶高，易燃液体不得超过两个桶高，同时需按指定部位加以固定，防止自由滑动、撞击而发生危险。,9.爆炸物品的装卸，应做到轻挪轻放、车船衔接、货不落地，避免起火爆炸；危险货物在码头停留时间，一级危险化学品不得超过24小时，二级危险化学品货物不得超过48小时。,10.危险化学品的装卸、储运应严格执行GB 13348《液体石油产品静电安全规程》和交通部《危险货物运输规则》及其装配表的规定。,11.遇有雷电或烟囱、排气管冒火，应立即关阀、封舱，停止装卸作业。,12.危险化学品货船、趸船、泊位，任何一方发生火灾时，应按应急预案采取果断措施，必要时，砍断船缆（紧急释放钩）拖至安全水域。,13.原油和重油输送需要加温时，应按工艺设计规定的要求进行。,第五章 劳 动 保 护,第二十四条 码头作业环境中的有毒有害物质浓度和噪声强度等应符合国家工业卫生标准。,第二十五条 码头应设置救生和防毒器材专用柜（内放救生衣、器材、防毒面具、防护衣、防护胶靴等），设备、设施的防撞、防滑、耐火等应符合现行规范要求，并定期检查、维护，使其处于良好状态。,第二十六条 凡进入受限空间作业的人员，应办理“中国石化受限空间作业许可证”。,第二十七条 进行芳烃等毒性较大的物品装卸，作业人员应佩戴有效的个人防护用品。,第二十八条 码头趸船、泊位应保持整洁卫生，道路畅通，无绊倒物障碍。,关于切实做好高温季节船载危险品运输安全管理工作的通知,一、切实抓好船载危险化学品的装卸、运输管理工作,鉴于危险化学品的化学特性，高温季节是危险化学品尤其是易燃易爆危险化学品事故的多发时期，各有船有关单位一定要高度重视高温季节船载危险化学品的装卸、运输管理，切实做好如下重点工作：,（一）制定切实可行的防高温、防雷电、防地震、防大风、防火防爆、防污和人员防护措施，确保措施到位。,（二）完善危险化学品事故应急预案，开展安全、防污等各种科目的日常性应急演练，提高应急能力。,（三）根据气温变化，合理调度船舶靠离泊，船舶载运一级易燃液体货物航行、作业期间采取必要的喷淋降温措施，加强作业期间的巡查，切实落实《船岸安全检查表》制度。,（四）船长作为船舶运输安全的第一责任人，应组织人员对货泵舱/货物操作处所、温度控制系统、货物区域（通风、开口、电气设备等）、货舱通气系统、货油区域等开展经常性检查，以保证船舶液货舱、货物管系及其它处所的温度、压力、探测、液位指示和溢流控制等装置都处于良好工作状态。,四、全面做好水上安全防范工作,各有关单位要高度重视水上安全防范保卫工作，把其作为当前的头等大事来抓，各公司要成立由一把手挂帅的安全工作领导机构，加强组织领导，细化工作措施，分解工作任务和责任，确保危险品运输、作业的安全。,（一）危险品运输船舶以及装卸作业单位应于2008年6月10日前按《船舶（码头）安全保卫工作预案》编制指南（见附件）的要求编制《船舶（码头）安全保卫工作预案》，根据船舶、码头的具体情况在“预案”中填写相应的内容。,（二）各船舶及装卸码头应明确一名船员担任兼职船舶安保员并切实履行其职责；明确船上（码头）限制区域，并在入口处悬挂或张贴警示标牌；采取有效措施，防止无关人员上船；提高船员的安保意识，加强安保措施的培训和演习，严格执行安保工作措施。,五、严禁汽车滚装船载运危险品,各汽车滚装船港埠公司应加大对《水路危险货物运输规则》、《危险化学品安全管理条例》等法律法规的学习，提高对危险品的认知度，同时应增配各类危险品检查设备并加大对车辆装载危险品的检查力度，有效使用现有检查设备，制定和落实检查程序和措施，设立专人安全检查制度，不断提高安全检查人员的业务素质和责任意识，指导安全检查人员准确把握驾驶员提供的货物单证的相关信息，对货物重量与单证列明的有明显出入的、货物有异味的、货物来自危化品产地的要实施重点检查。,巴陵供销部码头站强化外来船舶安全管理,码头站一头系着企业，一头连着万里长江，安全生产责任重大。在深入开展“我要安全”主题活动中，为认真贯彻执行中国石化及巴陵石化的《安全生产禁令》，强化外来船舶安全管理，确保安全高效装卸，该车间从今年5月起实行外来船舶安全管理“三个前移”，即装卸前安全教育前移，船岸安全检查前移，装卸过程中安全监护前移。,该车间制定并执行《码头站外来船舶安全管理“三个前移”实施细则》。细则规定，船舶靠档后，当班主操、班组安全员、班长、车间管理人员上船组织船方人员安全教育。安全教育内容包括：宣讲码头安全形势与特点，组织观看电脑安全宣传片与宣传专栏；学习危化品码头安全管理规定，安全告知牌与标准作业示范牌上船定置摆放；发放《码头安全管理手册》与安全教育试卷。作业前、作业过程实施喇叭语音播报《码头安全管理规定》。当班人员严格船岸安全检查表内容上船进行安全检查，对不合格项目提出整改意见，确认整改后予以装卸作业。检查重点内容包括人员配备、消防器材、防爆工具、机泵、喷淋、呼吸系统等。班组配备足量的安全设施与器材，船方确实缺少工器具，如安全帽、救生衣、防爆工具、对讲机等，当班人员给船方借用，办理好交接手续。当班人员按巡检要求进行装卸过程中的安全监护且每班必须上船巡检2次。夏季11点至15点实行单点巡检。班长或班组安全员随时加强安全监督。巡检重点内容包括工艺参数、劳保着装、人员在岗、防静电、喷淋、违规行为、检修作业、发动机排气冷却水、金属软管状态等。对环己烷、苯、苯乙烯等重要卸船作业实行车间管理人员24小时值守监护。装卸前安全教育与安全检查车间管理人员必须参加。装卸过程中车间管理人员按上午、下午、晚上分别不少于1次进行安全巡查。对外来船舶安全管理的过程中，码头人员应树立良好的服务意识，遵守廉政规定，注意礼貌用语。对船舶违规行为实行安全送分或罚款的同时，对表现突出的船舶实行奖励。强化门禁管理，在钢引桥尾部加装安全隔离门，装卸过程中禁止人员随意进出。原则上5至10月份装卸船喷淋用水免费使用，本着节约的原则，船方应足量、合理地使用喷淋。建立健全外来船舶安全档案，有针对性地进行危害识别，加强安全监督管理。,连日来，码头站制作了“标准作业示范图”和“码头安全告知书”标志牌，流动放置在外来船舶上；建立外来船舶安全管理档案，详细登记船舶安全基本情况、检查记录及违章和奖励情况；将22条《危险化学品码头安全管理规定》和《码头安全告知书》录音，配上优美的《长江之歌》和《祝你平安》音乐反复播放；对外来船舶作业人员进行安全培训，培训后组织安全教育考试。“三个前移”措施的实施，增强了外来船舶人员的“我要安全”意识，在长江黄金水道上共筑安全大防线的格局逐渐形成。,危险品港口作业区管理制度,危险品港口作业区管理制度,一、港口所有人及经营人要求,1. 加强安全管理，建立健全相应的安全管理制度，制定切实可行的事故应急预案，雷电、大风、沙尘暴等特殊天气的安全管理措施，并督促落实。,2. 严格在《危险货物港口作业许可证》核定的危险货物港口作业范围内从事危险货物码头作业活动，禁止在码头装卸国家禁止通过水路运输的危险货物。,3. 在码头装卸危险品，严格执行作业许可制度。每次装卸危险品作业前，必须办理安全作业许可证；作业过程中，若需更换管线或静电接地点应重新办理，未经许可不得进行危险品装卸作业。,4. 码头管理和装卸作业人员配备必须符合国家有关规定，不得聘用无专业技能资格证书的人员。,5. 不得指使、强令工作人员违章操作。,6. 加强对员工的技术培训和安全教育。,7. 按规定配备消防设备、消防设施和器材。,8. 配备码头作业现场安全管理人员，对危险品装卸作业实施全过程动态安全监管。,9. 每月组织一次安全检查，及时排查清除安全隐患。,10.建立有效的指挥调度系统，合理调度船舶。,11.加强与船主、承运方等企业相关方的信息沟通，共建安全网络。,12.做好码头管理、作业人员的安全合理配置及组织安排。,二、现场管理人员要求,1. 必须经业务主管部门培训合格，取得上岗资格证，持证上岗。,2. 每船危险品运抵码头时，对码头及危险品装卸作业进行一次全面的综合检查。,3. 按照安全检查项目实施日常检查，确保现场监装监卸及时到位。,4. 申请办理码头装卸危险品安全作业许可证。,5. 指导并监督作业人员严格按规定要求操作。,6. 对易燃易爆危化品装卸作业定期用可燃气体监测仪测试现场可燃气体浓度。,7. 危险品装卸前及作业过程中，对系统进行仔细检查，严禁泄露。,8. 装卸过程中，若发生火灾、重大泄漏及其他按操作规程不能有效控制的事件时，应立即启动应急预案，采取应急行动，排除事故危害，控制事态进一步发展，并向有关部门报告。,9. 根据码头装卸能力及货运计划合理调度船舶。,10.对进入港区船舶及车辆实施规范管理。,11.加强码头消防设备、器材的管理，保持良好状态，确保消防通道畅通。,交通运输部关于加强港口危险货物作业安全管理的通知,一、港口行政管理部门应按照《港口法》、《安全生产法》、《危险化学品安全管理条例》以及《港口危险货物管理规定》和《港口经营管理规定》等法律、行政法规规章的规定，切实加强对油品、危险化学品作业码头装卸、过驳、储存等作业安全生产监督管理，督促港口经营人落实安全生产责任制，严格依法对危险货物港口作业资质进行核查、复查，不符合资质条件的，一律不得从事危险货物港口作业。 　　二、港口行政管理部门应对装卸作业量大的油品码头和危险化学品码头进行重点巡查，督促港口经营人严格遵守各项安全管理制度、安全技术操作规程和作业现场安全管理，检查中发现安全隐患的，应明确责任单位和责任人，责令其立即排除或者限期排除。,三、从事危险货物港口作业的港口经营人，要对各项安全管理制度、安全操作规程、人员培训等方面的情况进行自查，对有关设施设备进行自检，对不符合要求的情况立即进行整改。,从事危险货物港口作业的港口经营人必须依法制定本单位的危险货物事故应急预案，并定期演练。预案内容应包括危险货物作业码头、库场、储罐、锚地等港口设施的概况、重点部位、应急从伍的组成及职责、应急措施、应急器材及物资储备.应急救援程序、应急人员联络表等内容。应急预案应报所在地港口行政管理部门备案。 　　港口行政管理部门要定期检查应急预案的制定、落实情况，建立健全港口安全生产应急组织指挥和应急救援体系，加强演练，提高救援救助能力和事故处置能力。,四、根据《港口安全评价管理办法》的规定，从事油品、液体化工、液化天然气、液化石油气等危睑化学品作业的港口经营人，应每两年开展一次专项安全评价。为切实落实此项安全管理措施，沿海万吨级、内河千吨级及以上的油品及危险化学品码头的港口经营人，应在今年底以前，委托甲级安全评价机构(必须具有港口码头安全评价资质)开展专项安全评价。 　　对于此前已经开展专项安全评价的港口经营人，应将最近一次的专项安全评价报告及安全隐患整改落实情况报所在地港口行政管理部门备案。", 如何使化工品码头更安全,
无,无,"1、本装置的生产性物料均属危险化学品。原料粗苯、产物纯苯、甲苯、二甲苯都易燃易爆、有毒有害。,2、严禁用物料洗手洗物，不慎被污染时，应及时用清水冲洗。,3、严禁用导电性能差的物品接、装物料，防止静电引起的火灾爆炸事故。,4、处理物料时，应选带合适的防毒面具；在处理酸碱漏点时应佩带好防护头盔或防护眼镜，要重视操作中的个人防护。,5、当班人员应及时回收操作过程中排出的物料，当真空罐的液位较高时物料应及时压走。隔油池、真空罐的废料由装置管理人员组织回收、外运。,6、废料的回收和外运工作要按照规定，附带该物料的含物化性能的安环技术指导说明书。防止后续处理过程中发生安全事故。", 化学危险品的安全使用和管理,
